Top-K,MRR
5,0.010842890615365641
10,0.014862307606480748
15,0.01676210653735626
