Top-K,MC
5,0.290764692534604
10,0.15549389567147617
15,0.20001233197681584
