Top-K,MRR
5,0.013068812430632631
10,0.01549410120442307
15,0.017079850514922657
