Top-K,MC
5,0.3174398120963007
10,0.21849796522382534
15,0.15799728696510051
