Top-K,MC
5,0.20485748695303088
10,0.1881308411214953
15,0.14352999198569755
