Top-K,MRR
5,0.007305344923247642
10,0.008581615248898403
15,0.012012199213974692
