Top-K,MC
5,0.3171116196287821
10,0.2540674603174603
15,0.2442852654728244
