Top-K,MRR
5,0.002598483447383022
10,0.003590657026018594
15,0.0038501718777287485
