Top-K,MRR
5,0.011484153409791588
10,0.015303763014639819
15,0.017436175552157793
