Top-K,MC
5,0.25000000000000006
10,0.2554938956714761
15,0.2812923911703046
