Top-K,MRR
5,0.01420335429769392
10,0.017910875041840635
15,0.019777158345415834
