Top-K,MC
5,0.19999999999999996
10,0.17728098048116206
15,0.1484339536995007
