Top-K,MRR
5,0.010987791342952276
10,0.014195500002936186
15,0.016328294449826083
