Top-K,MC
5,0.20000000000000004
10,0.11847946725860155
15,0.10365026513750153
