Top-K,MC
5,0.20000000000000004
10,0.2000333444481494
15,0.18332916562473955
