Top-K,MRR
5,0.011058700209643606
10,0.01379294904544627
15,0.015687573720315116
