Top-K,MRR
5,0.01338327783943766
10,0.016469428442236433
15,0.017940832854817318
