Top-K,MRR
5,0.011305339745961278
10,0.014485448267357258
15,0.016476785330836383
