Top-K,MRR
5,0.010516093229744729
10,0.013247259071343422
15,0.014558557219489517
