Top-K,MC
5,0.33331110370123374
10,0.1880504991192014
15,0.1422908155545468
