Top-K,MC
5,0.3277059223961879
10,0.2630410654827969
15,0.25937846836847944
