Top-K,MRR
5,0.009504871130842276
10,0.011917387500073406
15,0.01413462395704349
