Top-K,MRR
5,0.013247626094462945
10,0.015352577089536024
15,0.016898210516412514
