Top-K,MRR
5,0.013204464175607349
10,0.014382425758563382
15,0.017921273345801646
