Top-K,MRR
5,0.007824639289678135
10,0.01118341466565662
15,0.013208794021779593
