Top-K,MC
5,0.20000000000000004
10,0.15871990604815037
15,0.19385686185504614
