Top-K,MC
5,0.4
10,0.2773036768043577
15,0.32717506430624904
