Top-K,MC
5,0.3931557528671846
10,0.31503884572697
15,0.34334689850783084
