Top-K,MC
5,0.3065179095713447
10,0.2410839807621162
15,0.24474041188802564
