Top-K,MC
5,0.20000000000000004
10,0.16668889629876624
15,0.1271901951883795
