Top-K,MC
5,0.3999333111037013
10,0.19996300406955234
15,0.21230731286225185
