Top-K,MRR
5,0.010062893081761004
10,0.012505138323673283
15,0.01372087597115344
