Top-K,MC
5,0.2
10,0.22600813910469852
15,0.21733875940313233
