Top-K,MRR
5,0.006702429399432729
10,0.008215592316591205
15,0.009567979601275938
