Top-K,MC
5,0.20000000000000004
10,0.16300406955234925
15,0.13333333333333333
