Top-K,MC
5,0.19999999999999996
10,0.16001200240048008
15,0.17762979405598717
