Top-K,MRR
5,0.016416944136145025
10,0.01949472661181873
15,0.020624054183987592
