Top-K,MRR
5,0.011533481317055123
10,0.014160192378838327
15,0.015332056647261975
