Top-K,MC
5,0.2338180307436643
10,0.20923530746539595
15,0.20002466395363175
