Top-K,MC
5,0.3092147072174308
10,0.2739733629300777
15,0.23196448390677027
