Top-K,MRR
5,0.007670489579479591
10,0.009926874313666767
15,0.012141089374718675
