Top-K,MRR
5,0.007303613269207054
10,0.00964118351743213
15,0.011226095091244925
