Top-K,MRR
5,0.013189049204587494
10,0.015390747493966139
15,0.016756898915611454
