Top-K,MC
5,0.4000000000000001
10,0.19994998749687426
15,0.18763806929944016
