Top-K,MRR
5,0.00787705019114564
10,0.009729782898484342
15,0.011013383377423334
