Top-K,MC
5,0.49351335485764597
10,0.27730882686634895
15,0.21234430879269947
