Top-K,MC
5,0.20000000000000004
10,0.1739733629300777
15,0.15296584042421998
