Top-K,MRR
5,0.008490566037735849
10,0.011291319462795602
15,0.012903291163557535
