Top-K,MC
5,0.3173810921902525
10,0.24539264639128464
15,0.23027689514298683
