Top-K,MC
5,0.3761080129145876
10,0.2849796522382538
15,0.286336169688001
