Top-K,MRR
5,0.009137994820569737
10,0.012768807732736701
15,0.014008112884361495
