Top-K,MRR
5,0.00681033419657171
10,0.009006747353029261
15,0.011362444436806257
