Top-K,MRR
5,0.03720817120622568
10,0.04693849978383052
15,0.055430445581223786
