Top-K,MC
5,0.41398601398601403
10,0.399500998003992
15,0.4198761811665037
