Top-K,MC
5,0.37112195121951225
10,0.4317784256559767
15,0.47210884353741506
