Top-K,MRR
5,0.006057661159701976
10,0.007898329399787124
15,0.00967509167217622

