Top-K,MRR
5,0.05124716553287982
10,0.05790372838477795
15,0.06401695432307677


