Top-K,MRR
5,0.036948767833981835
10,0.04926772589710333
15,0.056196497514590896
