Top-K,MC
5,0.6
10,0.5971789883268481
15,0.5333333333333333
