Top-K,MRR
5,0.046757457846952004
10,0.05919492310542895
15,0.06179235809586005
