Top-K,MC
5,0.3943579766536966
10,0.3943579766536966
15,0.3943579766536966
