Top-K,MRR
5,0.060667963683527885
10,0.07133399728244087
15,0.07857991284547705
