Top-K,MC
5,0.5943579766536963
10,0.5915369649805446
15,0.6535019455252918
