Top-K,MC
5,0.21128404669260703
10,0.30846303501945516
15,0.2760700389105058
