Top-K,MC
5,0.9943579766536965
10,0.9887159533073929
15,0.9239299610894943
