Top-K,MRR
5,0.020525291828793774
10,0.028932354394416653
15,0.031735533705378065
