Top-K,MC
5,0.39435797665369654
10,0.4
15,0.3370946822308689
