Top-K,MC
5,0.2
10,0.10564202334630352
15,0.3352140077821011
