Top-K,MRR
5,0.04080739299610895
10,0.050127771601507005
15,0.054802911636569224
