Top-K,MRR
5,0.07876134889753567
10,0.09120923661293312
15,0.09282540578746805
