Top-K,MC
5,0.5887159533073928
10,0.5943579766536963
15,0.4647859922178989
