Top-K,MRR
5,0.05186446173800259
10,0.06225989747390525
15,0.06441121567580711
