Top-K,MC
5,0.4
10,0.5887159533073929
15,0.6591439688715952
