Top-K,MRR
5,0.037645914396887165
10,0.046228614662466805
15,0.05379350437716197
