Top-K,MRR
5,0.041423476005188066
10,0.05309624173923785
15,0.056834381031851844
