Top-K,MRR
5,0.0365272373540856
10,0.049472314866283736
15,0.054204709579223194
