Top-K,MRR
5,0.07855058365758753
10,0.0785193934902106
15,0.0875511269966523
