Top-K,MRR
5,0.021562905317769127
10,0.031188237292322896
15,0.03787475764615843
