Top-K,MRR
5,0.05319390402075227
10,0.05968670866530788
15,0.06503594762349625
