Top-K,MRR
5,0.04058041504539559
10,0.05096156815514792
15,0.05325559384411525
