Top-K,MC
5,0.4056420233463036
10,0.5028210116731519
15,0.4075226977950714
