Top-K,MRR
5,0.07217898832684824
10,0.08316001173491445
15,0.08676584170261213
