Top-K,MRR
5,0.022892347600518805
10,0.03137970168612192
15,0.03665459864389826
