Top-K,MC
5,0.20564202334630355
10,0.11692607003891052
15,0.14649805447470815
