Top-K,MC
5,0.7887159533073932
10,0.6943579766536965
15,0.6591439688715952
