Top-K,MC
5,0.6
10,0.5028210116731519
15,0.40564202334630356
