Top-K,MC
5,0.21128404669260706
10,0.40282101167315176
15,0.4647859922178989
