Top-K,MRR
5,0.009500648508430609
10,0.013348851213637207
15,0.019667872659117798
