Top-K,MRR
5,0.014364461738002593
10,0.028736257797541846
15,0.03331774958720484
