Top-K,MRR
5,0.049513618677042806
10,0.057809894385769875
15,0.059658548325863495
