Top-K,MRR
5,0.018174448767833983
10,0.028042971403866346
15,0.03459564376393169
