Top-K,MC
5,0.9943579766536965
10,0.6943579766536965
15,0.723929961089494
