Top-K,MRR
5,0.0316147859922179
10,0.0347098696806868
15,0.040579777982501716
