Top-K,MRR
5,0.052302204928664074
10,0.05964231671916497
15,0.0647515881222107
