Top-K,MC
5,0.988715953307393
10,0.7943579766536967
15,0.6666666666666666
