Top-K,MRR
5,0.033122568093385214
10,0.045154329565808164
15,0.0486308951532687
