Top-K,MC
5,0.39435797665369654
10,0.30282101167315173
15,0.3352140077821011
