Top-K,MRR
5,0.02733463035019455
10,0.034545040454573524
15,0.04019752674908317
