Top-K,MC
5,0.39435797665369654
10,0.20282101167315178
15,0.2704280155642023
