Top-K,MC
5,0.4
10,0.3056420233463034
15,0.33897535667963674
