Top-K,MC
5,0.40000000000000013
10,0.2084630350194553
15,0.26854734111543443
